﻿<?xml version="1.0" encoding="utf-8"?>
<ntp:tiles  xmlns:ntp="http://jamie.norris/newtabpage"
            xmlns="http://www.w3.org/1999/xhtml">
  <ntp:tile name="youtube">
    <a class="tile" href="https://www.google.com">
      <img src="img/google.png"/>
    </a>
  </ntp:tile>
  <ntp:tile name="youtube">
    <a class="tile" href="https://www.youtube.com">
      <img src="img/youtube.png"/>
    </a>
  </ntp:tile>
  <ntp:tile name="facebook">
    <a class="tile" href="https://www.facebook.com">
      <img src="img/facebook.png"/>
    </a>
  </ntp:tile>
  <ntp:tile name="trademe">
    <a class="tile" href="https://www.trademe.co.nz">
      <img src="img/trademe.jpg"/>
    </a>
  </ntp:tile>
  <ntp:tile name="netflix">
    <a class="tile" href="https://www.netflix.com">
      <img src="img/netflix2.png"/>
    </a>
  </ntp:tile>
  <ntp:tile name="movie">
    <a class="tile" href="https://yts.am/">
      <img src="img/movie.png"/>
    </a>
  </ntp:tile>
  <ntp:tile name="tvcal">
    <a class="tile" href="https://trakt.tv/calendars/my/shows">
      <img src="img/tvcal.png"/>
    </a>
  </ntp:tile>
  <ntp:tile name="imdb">
    <a class="tile" href="https://www.imdb.com">
      <img src="img/imdb.png"/>
    </a>
  </ntp:tile>
  <ntp:tile name="feedly">
    <a class="tile" href="https://www.feedly.com">
      <img src="img/feedly.png"/>
    </a>
  </ntp:tile>
</ntp:tiles>